Project name,Task name,Date,Start time,End time,Duration,Time zone,Project archived,Task completed
娱乐,,2021/8/16,12:58:24,13:27:30,0:29:06,+08:00,FALSE,
睡觉,午睡,2021/8/16,13:28:46,15:03:45,1:34:59,+08:00,FALSE,FALSE
学习,,2021/8/16,15:06:27,16:48:33,1:42:06,+08:00,FALSE,
娱乐,琐事,2021/8/16,16:48:33,17:23:00,0:34:27,+08:00,FALSE,FALSE
日常生活,吃饭,2021/8/21,9:31:20,10:07:09,0:35:49,+08:00,FALSE,FALSE
娱乐,琐事,2021/8/21,10:07:12,11:06:43,0:59:31,+08:00,FALSE,FALSE
睡觉,,2021/8/21,11:07:43,12:34:29,1:26:46,+08:00,FALSE,
娱乐,琐事,2021/8/21,12:35:33,12:42:39,0:07:06,+08:00,FALSE,FALSE
娱乐,_(:зf∠)_,2021/8/21,12:44:34,13:43:35,0:59:01,+08:00,FALSE,FALSE
娱乐,琐事,2021/8/21,13:43:41,14:22:26,0:38:45,+08:00,FALSE,FALSE
日常生活,吃饭,2021/8/21,14:22:37,15:02:23,0:39:46,+08:00,FALSE,FALSE
娱乐,,2021/8/21,15:03:51,15:29:08,0:25:17,+08:00,FALSE,
日常生活,整理房间,2021/8/21,15:29:50,16:43:52,1:14:02,+08:00,FALSE,FALSE
日常生活,常规琐事,2021/8/21,16:44:29,17:10:04,0:25:35,+08:00,FALSE,FALSE
日常生活,整理房间,2021/8/21,17:10:07,17:31:54,0:21:47,+08:00,FALSE,FALSE
日常生活,常规琐事,2021/8/21,17:31:56,17:49:07,0:17:11,+08:00,FALSE,FALSE
自我提升,,2021/8/21,17:50:16,17:58:35,0:08:19,+08:00,FALSE,
日常生活,整理房间,2021/8/21,17:58:38,18:06:35,0:07:57,+08:00,FALSE,FALSE
娱乐,,2021/8/21,18:08:10,18:38:23,0:30:13,+08:00,FALSE,
日常生活,吃饭,2021/8/21,18:46:50,19:55:23,1:08:33,+08:00,FALSE,FALSE
娱乐,,2021/8/21,19:57:11,21:47:03,1:49:52,+08:00,FALSE,
日常生活,整理房间,2021/8/21,21:47:04,21:53:37,0:06:33,+08:00,FALSE,FALSE
娱乐,,2021/8/21,21:54:32,23:10:40,1:16:08,+08:00,FALSE,
睡觉,,2021/8/21,23:10:45,23:59:59,0:49:14,+08:00,FALSE,
睡觉,,2021/8/22,0:00:00,7:20:15,7:20:15,+08:00,FALSE,
日常生活,常规琐事,2021/8/22,7:21:18,8:07:37,0:46:19,+08:00,FALSE,FALSE
娱乐,,2021/8/22,8:18:48,8:43:46,0:24:58,+08:00,FALSE,
娱乐,琐事,2021/8/22,8:46:04,9:51:16,1:05:12,+08:00,FALSE,FALSE
学习,数学提高课程,2021/8/22,9:54:24,11:04:58,1:10:34,+08:00,FALSE,TRUE
学习,数学提高课程,2021/8/22,11:12:12,12:38:35,1:26:23,+08:00,FALSE,TRUE
学习,数学提高课程,2021/8/22,12:39:34,12:56:04,0:16:30,+08:00,FALSE,TRUE
日常生活,吃饭,2021/8/22,12:56:27,13:31:24,0:34:57,+08:00,FALSE,FALSE
娱乐,直播 视频,2021/8/22,13:31:43,15:04:40,1:32:57,+08:00,FALSE,FALSE
睡觉,,2021/8/22,15:05:14,15:34:37,0:29:23,+08:00,FALSE,
自我提升,冥想,2021/8/22,15:36:52,16:11:55,0:35:03,+08:00,FALSE,FALSE
学习,英语单词,2021/8/22,16:13:16,16:44:27,0:31:11,+08:00,FALSE,FALSE
睡觉,,2021/8/22,16:44:43,16:47:10,0:02:27,+08:00,FALSE,
学习,数学提高课程,2021/8/22,16:48:50,17:52:49,1:03:59,+08:00,FALSE,TRUE
娱乐,,2021/8/22,17:53:34,18:21:58,0:28:24,+08:00,FALSE,
学习,数学提高课程,2021/8/22,18:23:12,19:14:16,0:51:04,+08:00,FALSE,TRUE
日常生活,吃饭,2021/8/22,19:15:48,19:49:10,0:33:22,+08:00,FALSE,FALSE
娱乐,直播 视频,2021/8/22,19:49:18,22:06:21,2:17:03,+08:00,FALSE,FALSE
日常生活,常规琐事,2021/8/22,22:07:09,22:13:35,0:06:26,+08:00,FALSE,FALSE
学习,数学提高课程,2021/8/22,22:13:39,23:41:44,1:28:05,+08:00,FALSE,TRUE
娱乐,直播 视频,2021/8/22,23:48:36,23:59:59,0:11:23,+08:00,FALSE,FALSE
娱乐,直播 视频,2021/8/23,0:00:00,1:19:35,1:19:35,+08:00,FALSE,FALSE
睡觉,,2021/8/23,1:33:44,10:04:28,8:30:44,+08:00,FALSE,
自我提升,冥想,2021/8/23,10:06:16,10:30:07,0:23:51,+08:00,FALSE,FALSE
日常生活,常规琐事,2021/8/23,10:30:16,10:50:58,0:20:42,+08:00,FALSE,FALSE
日常生活,吃饭,2021/8/23,10:51:07,11:00:00,0:08:53,+08:00,FALSE,FALSE
学习,数学提高课程,2021/8/23,11:00:00,11:26:34,0:26:34,+08:00,FALSE,TRUE
日常生活,吃饭,2021/8/23,11:26:35,11:44:53,0:18:18,+08:00,FALSE,FALSE
娱乐,直播 视频,2021/8/23,11:45:00,12:15:28,0:30:28,+08:00,FALSE,FALSE
学习,数学提高课程,2021/8/23,12:16:01,13:32:02,1:16:01,+08:00,FALSE,TRUE
娱乐,,2021/8/23,13:33:58,13:45:13,0:11:15,+08:00,FALSE,
日常生活,常规琐事,2021/8/23,13:45:22,14:49:21,1:03:59,+08:00,FALSE,FALSE
娱乐,,2021/8/23,14:49:29,14:58:08,0:08:39,+08:00,FALSE,
娱乐,_(:зf∠)_,2021/8/23,14:58:40,15:11:23,0:12:43,+08:00,FALSE,FALSE
娱乐,,2021/8/23,15:11:27,16:07:53,0:56:26,+08:00,FALSE,
日常生活,常规琐事,2021/8/23,16:08:41,16:17:22,0:08:41,+08:00,FALSE,FALSE
娱乐,,2021/8/23,16:17:32,17:57:40,1:40:08,+08:00,FALSE,
自我提升,归纳总结,2021/8/23,17:58:09,19:46:02,1:47:53,+08:00,FALSE,FALSE
日常生活,吃饭,2021/8/23,19:49:56,20:14:26,0:24:30,+08:00,FALSE,FALSE
娱乐,直播 视频,2021/8/23,20:14:37,21:31:55,1:17:18,+08:00,FALSE,FALSE
学习,学习计划,2021/8/23,21:32:20,22:06:57,0:34:37,+08:00,FALSE,FALSE
娱乐,琐事,2021/8/23,22:07:03,22:16:18,0:09:15,+08:00,FALSE,FALSE
学习,英语单词,2021/8/23,22:16:23,23:23:08,1:06:45,+08:00,FALSE,FALSE
自我提升,归纳总结,2021/8/23,23:23:15,23:33:40,0:10:25,+08:00,FALSE,FALSE
日常生活,常规琐事,2021/8/23,23:33:40,23:59:59,0:26:19,+08:00,FALSE,FALSE
日常生活,常规琐事,2021/8/24,0:00:00,0:25:07,0:25:07,+08:00,FALSE,FALSE
娱乐,直播 视频,2021/8/24,0:25:23,1:13:39,0:48:16,+08:00,FALSE,FALSE
睡觉,,2021/8/24,1:13:51,9:45:16,8:31:25,+08:00,FALSE,
娱乐,琐事,2021/8/24,9:45:35,10:19:40,0:34:05,+08:00,FALSE,FALSE
日常生活,常规琐事,2021/8/24,10:19:46,10:27:35,0:07:49,+08:00,FALSE,FALSE
日常生活,吃饭,2021/8/24,10:27:39,10:58:00,0:30:21,+08:00,FALSE,FALSE
日常生活,常规琐事,2021/8/24,10:58:05,11:40:22,0:42:17,+08:00,FALSE,FALSE
自我提升,幸福课,2021/8/24,11:40:37,12:49:17,1:08:40,+08:00,FALSE,FALSE
学习,英语单词,2021/8/24,12:49:30,13:38:10,0:48:40,+08:00,FALSE,FALSE
日常生活,常规琐事,2021/8/24,13:38:26,13:52:38,0:14:12,+08:00,FALSE,FALSE
娱乐,直播 视频,2021/8/24,13:52:43,14:45:35,0:52:52,+08:00,FALSE,FALSE
睡觉,午睡,2021/8/24,14:46:06,15:15:33,0:29:27,+08:00,FALSE,FALSE
日常生活,常规琐事,2021/8/24,15:15:42,15:30:59,0:15:17,+08:00,FALSE,FALSE
娱乐,琐事,2021/8/24,15:31:03,17:06:22,1:35:19,+08:00,FALSE,FALSE
娱乐,直播 视频,2021/8/24,17:07:10,19:05:22,1:58:12,+08:00,FALSE,FALSE
日常生活,,2021/8/24,19:05:32,19:33:16,0:27:44,+08:00,FALSE,
自我提升,幸福课,2021/8/24,19:33:40,19:35:24,0:01:44,+08:00,FALSE,FALSE
娱乐,直播 视频,2021/8/24,19:35:25,19:40:47,0:05:22,+08:00,FALSE,FALSE
自我提升,幸福课,2021/8/24,19:40:51,20:43:02,1:02:11,+08:00,FALSE,FALSE
日常生活,常规琐事,2021/8/24,20:43:48,21:00:35,0:16:47,+08:00,FALSE,FALSE
学习,学习计划,2021/8/24,21:00:48,21:22:34,0:21:46,+08:00,FALSE,FALSE
学习,线性代数基础课,2021/8/24,21:23:23,22:52:11,1:28:48,+08:00,FALSE,TRUE
娱乐,直播 视频,2021/8/24,22:52:13,23:59:59,1:07:46,+08:00,FALSE,FALSE
娱乐,直播 视频,2021/8/25,0:00:00,1:20:17,1:20:17,+08:00,FALSE,FALSE
睡觉,,2021/8/25,1:20:21,9:08:53,7:48:32,+08:00,FALSE,
日常生活,,2021/8/25,9:09:32,9:51:12,0:41:40,+08:00,FALSE,
日常生活,吃饭,2021/8/25,9:51:28,10:13:34,0:22:06,+08:00,FALSE,FALSE
娱乐,直播 视频,2021/8/25,10:15:03,10:27:54,0:12:51,+08:00,FALSE,FALSE
学习,线性代数基础课,2021/8/25,10:29:34,10:52:04,0:22:30,+08:00,FALSE,TRUE
日常生活,常规琐事,2021/8/25,10:52:10,12:20:48,1:28:38,+08:00,FALSE,FALSE
娱乐,直播 视频,2021/8/25,12:20:56,13:09:12,0:48:16,+08:00,FALSE,FALSE
睡觉,午睡,2021/8/25,13:09:22,13:39:26,0:30:04,+08:00,FALSE,FALSE
娱乐,_(:зf∠)_,2021/8/25,13:39:29,13:59:22,0:19:53,+08:00,FALSE,FALSE
自我提升,冥想,2021/8/25,13:59:28,14:14:20,0:14:52,+08:00,FALSE,FALSE
日常生活,,2021/8/25,14:14:23,14:17:08,0:02:45,+08:00,FALSE,
工作,,2021/8/25,14:17:10,14:31:13,0:14:03,+08:00,FALSE,
学习,线性代数基础课,2021/8/25,14:31:18,16:04:22,1:33:04,+08:00,FALSE,TRUE
娱乐,直播 视频,2021/8/25,16:04:36,17:08:37,1:04:01,+08:00,FALSE,FALSE
学习,线性代数基础课,2021/8/25,17:08:38,19:28:51,2:20:13,+08:00,FALSE,TRUE
日常生活,吃饭,2021/8/25,19:30:07,20:14:24,0:44:17,+08:00,FALSE,FALSE
娱乐,直播 视频,2021/8/25,20:14:35,21:12:08,0:57:33,+08:00,FALSE,FALSE
娱乐,直播 视频,2021/8/25,21:15:17,22:21:57,1:06:40,+08:00,FALSE,FALSE
日常生活,常规琐事,2021/8/25,22:22:00,22:35:28,0:13:28,+08:00,FALSE,FALSE
学习,线性代数基础课,2021/8/25,22:35:36,23:49:04,1:13:28,+08:00,FALSE,TRUE
娱乐,直播 视频,2021/8/25,23:49:59,23:59:59,0:10:00,+08:00,FALSE,FALSE
娱乐,直播 视频,2021/8/26,0:00:00,1:07:55,1:07:55,+08:00,FALSE,FALSE
睡觉,,2021/8/26,1:07:59,8:31:44,7:23:45,+08:00,FALSE,
日常生活,常规琐事,2021/8/26,8:31:56,8:54:15,0:22:19,+08:00,FALSE,FALSE
日常生活,吃饭,2021/8/26,8:54:20,9:41:40,0:47:20,+08:00,FALSE,FALSE
工作,,2021/8/26,9:41:44,10:54:44,1:13:00,+08:00,FALSE,
娱乐,琐事,2021/8/26,10:54:51,10:58:25,0:03:34,+08:00,FALSE,FALSE
学习,线性代数基础课,2021/8/26,10:58:29,12:25:00,1:26:31,+08:00,FALSE,TRUE
日常生活,吃饭,2021/8/26,12:25:03,13:05:40,0:40:37,+08:00,FALSE,FALSE
娱乐,直播 视频,2021/8/26,13:05:56,13:50:18,0:44:22,+08:00,FALSE,FALSE
睡觉,午睡,2021/8/26,13:50:21,14:11:03,0:20:42,+08:00,FALSE,FALSE
自我提升,冥想,2021/8/26,14:11:09,14:39:02,0:27:53,+08:00,FALSE,FALSE
日常生活,常规琐事,2021/8/26,14:39:09,15:02:45,0:23:36,+08:00,FALSE,FALSE
工作,,2021/8/26,15:02:47,15:56:27,0:53:40,+08:00,FALSE,
日常生活,常规琐事,2021/8/26,15:56:29,17:16:55,1:20:26,+08:00,FALSE,FALSE
娱乐,琐事,2021/8/26,17:17:00,17:22:28,0:05:28,+08:00,FALSE,FALSE
日常生活,常规琐事,2021/8/26,17:22:33,18:01:08,0:38:35,+08:00,FALSE,FALSE
日常生活,吃饭,2021/8/26,18:01:14,18:31:48,0:30:34,+08:00,FALSE,FALSE
娱乐,,2021/8/26,18:36:33,19:49:02,1:12:29,+08:00,FALSE,
学习,线性代数基础课,2021/8/26,19:49:05,20:40:41,0:51:36,+08:00,FALSE,TRUE
日常生活,常规琐事,2021/8/26,20:40:49,21:35:28,0:54:39,+08:00,FALSE,FALSE
娱乐,,2021/8/26,21:35:29,22:37:52,1:02:23,+08:00,FALSE,
学习,线性代数基础课,2021/8/26,22:37:53,23:59:59,1:22:06,+08:00,FALSE,TRUE
学习,线性代数基础课,2021/8/27,0:00:00,0:23:46,0:23:46,+08:00,FALSE,TRUE
娱乐,,2021/8/27,0:24:08,1:41:30,1:17:22,+08:00,FALSE,
睡觉,,2021/8/27,1:41:38,7:58:58,6:17:20,+08:00,FALSE,
日常生活,常规琐事,2021/8/27,7:59:02,8:34:29,0:35:27,+08:00,FALSE,FALSE
学习,英语单词,2021/8/27,8:34:58,10:07:04,1:32:06,+08:00,FALSE,FALSE
工作,,2021/8/27,10:07:11,11:43:11,1:36:00,+08:00,FALSE,
日常生活,吃饭,2021/8/27,11:43:20,12:23:51,0:40:31,+08:00,FALSE,FALSE
娱乐,,2021/8/27,12:23:56,12:57:35,0:33:39,+08:00,FALSE,
睡觉,,2021/8/27,12:57:45,13:39:49,0:42:04,+08:00,FALSE,
工作,,2021/8/27,13:39:52,17:05:02,3:25:10,+08:00,FALSE,
日常生活,常规琐事,2021/8/27,17:05:07,17:25:09,0:20:02,+08:00,FALSE,FALSE
日常生活,吃饭,2021/8/27,17:25:18,17:46:36,0:21:18,+08:00,FALSE,FALSE
日常生活,常规琐事,2021/8/27,17:46:37,18:00:31,0:13:54,+08:00,FALSE,FALSE
娱乐,,2021/8/27,18:00:39,19:41:03,1:40:24,+08:00,FALSE,
日常生活,常规琐事,2021/8/27,19:41:12,19:54:56,0:13:44,+08:00,FALSE,FALSE
自我提升,冥想,2021/8/27,19:55:01,20:48:33,0:53:32,+08:00,FALSE,FALSE
日常生活,常规琐事,2021/8/27,20:48:43,21:09:09,0:20:26,+08:00,FALSE,FALSE
学习,英语单词,2021/8/27,21:09:13,21:35:11,0:25:58,+08:00,FALSE,FALSE
日常生活,,2021/8/27,21:35:13,21:38:23,0:03:10,+08:00,FALSE,
学习,线性代数基础课,2021/8/27,21:38:27,23:54:26,2:15:59,+08:00,FALSE,TRUE
娱乐,,2021/8/28,0:01:41,1:17:37,1:15:56,+08:00,FALSE,
睡觉,,2021/8/28,1:17:41,8:10:30,6:52:49,+08:00,FALSE,
日常生活,常规琐事,2021/8/28,8:11:12,8:45:52,0:34:40,+08:00,FALSE,FALSE
学习,英语单词,2021/8/28,8:45:58,8:55:58,0:10:00,+08:00,FALSE,FALSE
工作,,2021/8/28,8:56:03,11:31:13,2:35:10,+08:00,FALSE,
日常生活,吃饭,2021/8/28,11:33:01,12:12:22,0:39:21,+08:00,FALSE,FALSE
娱乐,直播 视频,2021/8/28,12:12:29,12:58:23,0:45:54,+08:00,FALSE,FALSE
睡觉,午睡,2021/8/28,12:58:44,13:18:47,0:20:03,+08:00,FALSE,FALSE
工作,,2021/8/28,13:26:12,17:21:35,3:55:23,+08:00,FALSE,
日常生活,常规琐事,2021/8/28,17:21:43,17:59:32,0:37:49,+08:00,FALSE,FALSE
日常生活,吃饭,2021/8/28,17:59:35,18:18:03,0:18:28,+08:00,FALSE,FALSE
日常生活,常规琐事,2021/8/28,18:18:08,18:38:19,0:20:11,+08:00,FALSE,FALSE
学习,学习计划,2021/8/28,18:38:22,18:42:40,0:04:18,+08:00,FALSE,FALSE
学习,线性代数基础课,2021/8/28,18:42:43,20:08:54,1:26:11,+08:00,FALSE,TRUE
娱乐,,2021/8/28,20:08:57,20:21:42,0:12:45,+08:00,FALSE,
学习,线性代数基础课,2021/8/28,20:21:43,21:34:48,1:13:05,+08:00,FALSE,TRUE
日常生活,常规琐事,2021/8/28,21:34:52,22:22:46,0:47:54,+08:00,FALSE,FALSE
娱乐,直播 视频,2021/8/28,22:22:56,23:59:59,1:37:03,+08:00,FALSE,FALSE
娱乐,直播 视频,2021/8/29,0:00:00,1:00:49,1:00:49,+08:00,FALSE,FALSE
睡觉,,2021/8/29,1:01:08,9:30:55,8:29:47,+08:00,FALSE,
娱乐,直播 视频,2021/8/29,9:31:28,10:09:08,0:37:40,+08:00,FALSE,FALSE
娱乐,_(:зf∠)_,2021/8/29,10:09:15,10:34:56,0:25:41,+08:00,FALSE,FALSE
日常生活,常规琐事,2021/8/29,10:35:00,11:59:42,1:24:42,+08:00,FALSE,FALSE
娱乐,直播 视频,2021/8/29,11:59:44,12:09:01,0:09:17,+08:00,FALSE,FALSE
学习,线性代数基础课,2021/8/29,12:09:05,12:58:19,0:49:14,+08:00,FALSE,TRUE
娱乐,直播 视频,2021/8/29,12:58:23,13:09:05,0:10:42,+08:00,FALSE,FALSE
学习,线性代数基础课,2021/8/29,13:09:06,14:36:19,1:27:13,+08:00,FALSE,TRUE
娱乐,直播 视频,2021/8/29,14:36:34,14:45:53,0:09:19,+08:00,FALSE,FALSE
学习,线性代数基础课,2021/8/29,14:45:57,16:01:58,1:16:01,+08:00,FALSE,TRUE
日常生活,常规琐事,2021/8/29,16:02:00,16:10:18,0:08:18,+08:00,FALSE,FALSE
自我提升,冥想,2021/8/29,16:12:27,16:36:11,0:23:44,+08:00,FALSE,FALSE
自我提升,冥想,2021/8/29,16:36:29,16:44:12,0:07:43,+08:00,FALSE,FALSE
娱乐,直播 视频,2021/8/29,16:44:15,17:19:12,0:34:57,+08:00,FALSE,FALSE
日常生活,吃饭,2021/8/29,17:19:13,18:21:11,1:01:58,+08:00,FALSE,FALSE
娱乐,直播 视频,2021/8/29,18:21:26,18:30:59,0:09:33,+08:00,FALSE,FALSE
自我提升,幸福课,2021/8/29,18:31:04,19:13:52,0:42:48,+08:00,FALSE,TRUE
日常生活,常规琐事,2021/8/29,19:13:54,19:23:56,0:10:02,+08:00,FALSE,FALSE
娱乐,,2021/8/29,19:25:42,19:27:22,0:01:40,+08:00,FALSE,
学习,线性代数基础课,2021/8/29,19:27:25,20:42:43,1:15:18,+08:00,FALSE,TRUE
学习,线性代数基础课,2021/8/29,20:52:48,21:45:20,0:52:32,+08:00,FALSE,TRUE
日常生活,,2021/8/29,21:45:39,22:13:44,0:28:05,+08:00,FALSE,
娱乐,直播 视频,2021/8/29,22:15:56,23:59:59,1:44:03,+08:00,FALSE,FALSE
娱乐,直播 视频,2021/8/30,0:00:00,1:11:33,1:11:33,+08:00,FALSE,FALSE
睡觉,,2021/8/30,1:17:36,8:18:02,7:00:26,+08:00,FALSE,
日常生活,,2021/8/30,8:18:09,8:48:35,0:30:26,+08:00,FALSE,
学习,英语单词,2021/8/30,8:48:39,9:22:34,0:33:55,+08:00,FALSE,FALSE
日常生活,常规琐事,2021/8/30,9:22:41,9:48:35,0:25:54,+08:00,FALSE,FALSE
工作,,2021/8/30,9:48:41,11:28:39,1:39:58,+08:00,FALSE,
日常生活,常规琐事,2021/8/30,11:28:41,11:36:32,0:07:51,+08:00,FALSE,FALSE
自我提升,幸福课,2021/8/30,11:36:37,12:32:05,0:55:28,+08:00,FALSE,TRUE
娱乐,直播 视频,2021/8/30,12:32:08,13:07:58,0:35:50,+08:00,FALSE,FALSE
睡觉,午睡,2021/8/30,13:08:06,13:30:55,0:22:49,+08:00,FALSE,FALSE
工作,,2021/8/30,13:30:58,13:49:04,0:18:06,+08:00,FALSE,
学习,英语单词,2021/8/30,13:49:04,13:52:26,0:03:22,+08:00,FALSE,FALSE
工作,,2021/8/30,13:52:26,14:13:06,0:20:40,+08:00,FALSE,
学习,英语单词,2021/8/30,14:18:40,14:33:18,0:14:38,+08:00,FALSE,FALSE
工作,,2021/8/30,14:33:24,16:17:58,1:44:34,+08:00,FALSE,
日常生活,常规琐事,2021/8/30,16:18:02,16:37:20,0:19:18,+08:00,FALSE,FALSE
学习,学习计划,2021/8/30,16:37:25,17:01:54,0:24:29,+08:00,FALSE,FALSE
娱乐,直播 视频,2021/8/30,17:01:56,17:39:20,0:37:24,+08:00,FALSE,FALSE
学习,线性代数基础课,2021/8/30,17:39:43,19:13:32,1:33:49,+08:00,FALSE,TRUE
娱乐,,2021/8/30,19:13:39,19:39:03,0:25:24,+08:00,FALSE,
学习,线性代数基础课,2021/8/30,19:39:03,21:00:07,1:21:04,+08:00,FALSE,TRUE
日常生活,常规琐事,2021/8/30,21:00:07,21:01:19,0:01:12,+08:00,FALSE,FALSE
学习,英语单词,2021/8/30,21:01:19,21:21:58,0:20:39,+08:00,FALSE,FALSE
学习,复习线性代数,2021/8/30,21:21:58,21:34:06,0:12:08,+08:00,FALSE,FALSE
日常生活,常规琐事,2021/8/30,21:34:08,22:14:19,0:40:11,+08:00,FALSE,FALSE
娱乐,,2021/8/30,22:14:19,22:48:50,0:34:31,+08:00,FALSE,
日常生活,常规琐事,2021/8/30,22:48:50,23:04:27,0:15:37,+08:00,FALSE,FALSE
娱乐,,2021/8/30,23:04:27,23:44:33,0:40:06,+08:00,FALSE,
睡觉,,2021/8/30,23:44:36,23:59:59,0:15:23,+08:00,FALSE,
睡觉,,2021/8/31,0:00:00,7:48:11,7:48:11,+08:00,FALSE,
日常生活,常规琐事,2021/8/31,7:48:34,9:00:34,1:12:00,+08:00,FALSE,FALSE
学习,英语单词,2021/8/31,9:00:34,9:42:40,0:42:06,+08:00,FALSE,FALSE
工作,,2021/8/31,9:42:40,11:53:43,2:11:03,+08:00,FALSE,
日常生活,吃饭,2021/8/31,11:53:45,12:32:25,0:38:40,+08:00,FALSE,FALSE
娱乐,,2021/8/31,12:32:25,13:35:08,1:02:43,+08:00,FALSE,
睡觉,,2021/8/31,13:35:15,13:58:16,0:23:01,+08:00,FALSE,
日常生活,常规琐事,2021/8/31,13:58:22,14:12:51,0:14:29,+08:00,FALSE,FALSE
学习,英语单词,2021/8/31,14:12:51,14:46:29,0:33:38,+08:00,FALSE,FALSE
日常生活,常规琐事,2021/8/31,14:46:29,14:48:39,0:02:10,+08:00,FALSE,FALSE
学习,学习计划,2021/8/31,14:48:39,15:06:43,0:18:04,+08:00,FALSE,FALSE
学习,复习线性代数,2021/8/31,15:06:43,16:34:31,1:27:48,+08:00,FALSE,FALSE
娱乐,pause for a moment,2021/8/31,16:34:31,16:39:05,0:04:34,+08:00,FALSE,FALSE
学习,复习线性代数,2021/8/31,16:39:05,17:05:51,0:26:46,+08:00,FALSE,FALSE
娱乐,pause for a moment,2021/8/31,17:05:51,17:21:14,0:15:23,+08:00,FALSE,FALSE
学习,复习线性代数,2021/8/31,17:21:14,18:08:13,0:46:59,+08:00,FALSE,FALSE
娱乐,pause for a moment,2021/8/31,18:08:13,18:30:40,0:22:27,+08:00,FALSE,FALSE
日常生活,常规琐事,2021/8/31,18:30:40,18:54:28,0:23:48,+08:00,FALSE,FALSE
日常生活,吃饭,2021/8/31,18:54:28,19:18:08,0:23:40,+08:00,FALSE,FALSE
娱乐,直播 视频,2021/8/31,19:18:13,19:51:43,0:33:30,+08:00,FALSE,FALSE
日常生活,常规琐事,2021/8/31,19:52:19,20:19:01,0:26:42,+08:00,FALSE,FALSE
娱乐,直播 视频,2021/8/31,20:19:01,20:28:33,0:09:32,+08:00,FALSE,FALSE
学习,复习线性代数,2021/8/31,20:28:33,20:56:49,0:28:16,+08:00,FALSE,FALSE
学习,复习高等数学,2021/8/31,20:56:49,21:40:25,0:43:36,+08:00,FALSE,FALSE
自我提升,归纳总结,2021/8/31,21:40:25,21:45:33,0:05:08,+08:00,FALSE,FALSE
日常生活,常规琐事,2021/8/31,21:46:36,21:50:48,0:04:12,+08:00,FALSE,FALSE
学习,英语单词,2021/8/31,21:50:48,22:10:56,0:20:08,+08:00,FALSE,FALSE
自我提升,归纳总结,2021/8/31,22:10:56,22:18:50,0:07:54,+08:00,FALSE,FALSE
学习,英语单词,2021/8/31,22:18:56,22:34:08,0:15:12,+08:00,FALSE,FALSE
日常生活,常规琐事,2021/8/31,22:34:08,22:53:57,0:19:49,+08:00,FALSE,FALSE
娱乐,直播 视频,2021/8/31,22:53:57,23:59:59,1:06:02,+08:00,FALSE,FALSE
娱乐,直播 视频,2021/9/1,0:00:00,1:10:31,1:10:31,+08:00,FALSE,FALSE
睡觉,,2021/9/1,1:10:31,8:32:49,7:22:18,+08:00,FALSE,
工作,,2021/9/1,8:33:47,12:23:55,3:50:08,+08:00,FALSE,
日常生活,,2021/9/1,12:23:58,13:06:00,0:42:02,+08:00,FALSE,
工作,,2021/9/1,13:06:00,13:08:47,0:02:47,+08:00,FALSE,
学习,复习高等数学,2021/9/1,13:08:47,13:30:20,0:21:33,+08:00,FALSE,FALSE
工作,,2021/9/1,13:30:34,15:58:35,2:28:01,+08:00,FALSE,
日常生活,常规琐事,2021/9/1,15:59:36,16:19:04,0:19:28,+08:00,FALSE,FALSE
娱乐,直播 视频,2021/9/1,16:19:04,16:46:30,0:27:26,+08:00,FALSE,FALSE
学习,英语单词,2021/9/1,16:46:30,17:31:59,0:45:29,+08:00,FALSE,FALSE
娱乐,pause for a moment,2021/9/1,17:32:00,17:34:58,0:02:58,+08:00,FALSE,FALSE
自我提升,冥想,2021/9/1,17:34:58,17:55:04,0:20:06,+08:00,FALSE,FALSE
学习,复习线性代数,2021/9/1,17:55:04,18:33:42,0:38:38,+08:00,FALSE,FALSE
学习,复习高等数学,2021/9/1,18:33:42,18:52:03,0:18:21,+08:00,FALSE,FALSE
日常生活,吃饭,2021/9/1,18:52:03,19:36:00,0:43:57,+08:00,FALSE,FALSE
学习,复习高等数学,2021/9/1,19:36:00,20:24:36,0:48:36,+08:00,FALSE,FALSE
自我提升,归纳总结,2021/9/1,20:24:36,20:34:52,0:10:16,+08:00,FALSE,FALSE
日常生活,常规琐事,2021/9/1,20:34:52,22:05:28,1:30:36,+08:00,FALSE,FALSE
娱乐,直播 视频,2021/9/1,22:05:33,23:59:59,1:54:26,+08:00,FALSE,FALSE
娱乐,直播 视频,2021/9/2,0:00:00,0:44:44,0:44:44,+08:00,FALSE,FALSE
睡觉,,2021/9/2,0:45:45,8:25:47,7:40:02,+08:00,FALSE,
娱乐,_(:зf∠)_,2021/9/2,8:27:29,9:12:31,0:45:02,+08:00,FALSE,FALSE
娱乐,琐事,2021/9/2,9:12:31,9:23:07,0:10:36,+08:00,FALSE,FALSE
娱乐,直播 视频,2021/9/2,9:23:07,10:31:59,1:08:52,+08:00,FALSE,FALSE
日常生活,常规琐事,2021/9/2,10:38:22,11:24:33,0:46:11,+08:00,FALSE,FALSE
学习,学习计划,2021/9/2,11:24:34,11:49:58,0:25:24,+08:00,FALSE,FALSE
学习,英语单词,2021/9/2,11:49:58,12:15:00,0:25:02,+08:00,FALSE,FALSE
学习,复习高等数学,2021/9/2,12:15:00,13:25:36,1:10:36,+08:00,FALSE,FALSE
娱乐,琐事,2021/9/2,13:25:41,13:50:59,0:25:18,+08:00,FALSE,FALSE
日常生活,常规琐事,2021/9/2,13:50:59,14:15:44,0:24:45,+08:00,FALSE,FALSE
学习,线性代数提高课,2021/9/2,14:15:45,15:15:42,0:59:57,+08:00,FALSE,TRUE
日常生活,常规琐事,2021/9/2,15:15:42,15:52:12,0:36:30,+08:00,FALSE,FALSE
学习,线性代数提高课,2021/9/2,15:52:12,15:56:24,0:04:12,+08:00,FALSE,TRUE
娱乐,直播 视频,2021/9/2,15:56:24,16:19:03,0:22:39,+08:00,FALSE,FALSE
学习,线性代数提高课,2021/9/2,16:19:03,17:26:36,1:07:33,+08:00,FALSE,TRUE
日常生活,常规琐事,2021/9/2,17:26:36,17:27:25,0:00:49,+08:00,FALSE,FALSE
娱乐,琐事,2021/9/2,17:27:25,18:04:00,0:36:35,+08:00,FALSE,FALSE
学习,线性代数提高课,2021/9/2,18:04:00,19:04:40,1:00:40,+08:00,FALSE,TRUE
日常生活,吃饭,2021/9/2,19:04:40,19:21:16,0:16:36,+08:00,FALSE,FALSE
学习,线性代数提高课,2021/9/2,19:21:16,20:53:38,1:32:22,+08:00,FALSE,TRUE
学习,复习高等数学,2021/9/2,20:53:38,21:39:24,0:45:46,+08:00,FALSE,FALSE
学习,学习计划,2021/9/2,21:39:32,21:40:03,0:00:31,+08:00,FALSE,FALSE
自我提升,归纳总结,2021/9/2,21:40:03,21:46:59,0:06:56,+08:00,FALSE,FALSE
日常生活,常规琐事,2021/9/2,21:49:31,22:10:41,0:21:10,+08:00,FALSE,FALSE
娱乐,,2021/9/2,22:10:41,23:59:59,1:49:18,+08:00,FALSE,
娱乐,,2021/9/3,0:00:00,0:38:02,0:38:02,+08:00,FALSE,
睡觉,,2021/9/3,0:38:02,7:52:40,7:14:38,+08:00,FALSE,
日常生活,常规琐事,2021/9/3,7:52:41,9:03:44,1:11:03,+08:00,FALSE,FALSE
工作,保存文件的接口,2021/9/3,9:03:44,13:59:32,4:55:48,+08:00,FALSE,TRUE
日常生活,吃饭,2021/9/3,13:59:37,14:57:31,0:57:54,+08:00,FALSE,FALSE
学习,学习计划,2021/9/3,14:57:31,15:16:04,0:18:33,+08:00,FALSE,FALSE
睡觉,,2021/9/3,15:16:14,15:32:27,0:16:13,+08:00,FALSE,
学习,英语单词,2021/9/3,15:32:27,16:04:47,0:32:20,+08:00,FALSE,FALSE
学习,复习线性代数,2021/9/3,16:04:47,16:28:17,0:23:30,+08:00,FALSE,FALSE
学习,线性代数提高课,2021/9/3,16:28:17,17:43:56,1:15:39,+08:00,FALSE,TRUE
学习,英语单词,2021/9/3,17:44:11,18:08:09,0:23:58,+08:00,FALSE,FALSE
工作,,2021/9/3,18:08:09,19:14:51,1:06:42,+08:00,FALSE,
娱乐,,2021/9/3,19:14:54,19:50:40,0:35:46,+08:00,FALSE,
学习,线性代数提高课,2021/9/3,19:50:40,20:05:36,0:14:56,+08:00,FALSE,TRUE
学习,英语单词,2021/9/3,20:05:36,20:31:32,0:25:56,+08:00,FALSE,FALSE
学习,复习线性代数,2021/9/3,20:31:32,20:31:34,0:00:02,+08:00,FALSE,FALSE
学习,线性代数提高课,2021/9/3,20:31:37,20:59:22,0:27:45,+08:00,FALSE,TRUE
自我提升,归纳总结,2021/9/3,20:59:27,21:12:59,0:13:32,+08:00,FALSE,FALSE
日常生活,吃饭,2021/9/3,21:28:22,22:06:49,0:38:27,+08:00,FALSE,FALSE
娱乐,直播 视频,2021/9/3,22:06:49,23:59:59,1:53:10,+08:00,FALSE,FALSE
娱乐,直播 视频,2021/9/4,0:00:00,0:58:36,0:58:36,+08:00,FALSE,FALSE
睡觉,,2021/9/4,0:58:36,8:12:02,7:13:26,+08:00,FALSE,
日常生活,,2021/9/4,8:12:02,9:05:58,0:53:56,+08:00,FALSE,
工作,,2021/9/4,9:05:58,11:06:42,2:00:44,+08:00,FALSE,
日常生活,,2021/9/4,11:06:47,11:57:20,0:50:33,+08:00,FALSE,
日常生活,整理东西,2021/9/4,11:57:24,12:05:45,0:08:21,+08:00,FALSE,FALSE
日常生活,常规琐事,2021/9/4,12:05:45,13:10:15,1:04:30,+08:00,FALSE,FALSE
睡觉,,2021/9/4,13:10:15,13:54:09,0:43:54,+08:00,FALSE,
日常生活,常规琐事,2021/9/4,13:54:09,14:28:13,0:34:04,+08:00,FALSE,FALSE
通勤,,2021/9/4,14:28:31,14:42:53,0:14:22,+08:00,FALSE,
工作,udp,2021/9/4,14:42:53,15:27:11,0:44:18,+08:00,FALSE,TRUE
日常生活,arrange things,2021/9/4,15:27:56,15:39:32,0:11:36,+08:00,FALSE,FALSE
学习,英语单词,2021/9/4,15:40:44,16:23:54,0:43:10,+08:00,FALSE,FALSE
日常生活,arrange things,2021/9/4,16:23:54,16:26:37,0:02:43,+08:00,FALSE,FALSE
日常生活,常规琐事,2021/9/4,16:26:37,16:42:35,0:15:58,+08:00,FALSE,FALSE
日常生活,吃饭,2021/9/4,16:42:40,17:32:00,0:49:20,+08:00,FALSE,FALSE
娱乐,,2021/9/4,17:32:02,23:59:59,6:27:57,+08:00,FALSE,
娱乐,,2021/9/5,0:00:00,0:31:33,0:31:33,+08:00,FALSE,
睡觉,,2021/9/5,0:31:33,7:38:06,7:06:33,+08:00,FALSE,
日常生活,常规琐事,2021/9/5,7:38:30,7:42:53,0:04:23,+08:00,FALSE,FALSE
自我提升,冥想,2021/9/5,7:42:53,7:50:09,0:07:16,+08:00,FALSE,FALSE
日常生活,常规琐事,2021/9/5,7:50:09,8:00:34,0:10:25,+08:00,FALSE,FALSE
自我提升,冥想,2021/9/5,8:00:34,8:07:21,0:06:47,+08:00,FALSE,FALSE
日常生活,常规琐事,2021/9/5,8:07:21,9:21:52,1:14:31,+08:00,FALSE,FALSE
娱乐,直播 视频,2021/9/5,9:21:52,10:08:02,0:46:10,+08:00,FALSE,FALSE
学习,学习计划,2021/9/5,10:08:02,10:24:47,0:16:45,+08:00,FALSE,FALSE
日常生活,常规琐事,2021/9/5,10:24:47,10:27:54,0:03:07,+08:00,FALSE,FALSE
学习,英语单词,2021/9/5,10:27:54,10:42:06,0:14:12,+08:00,FALSE,FALSE
娱乐,直播 视频,2021/9/5,10:42:06,10:46:11,0:04:05,+08:00,FALSE,FALSE
自我提升,冥想,2021/9/5,10:46:18,11:02:08,0:15:50,+08:00,FALSE,FALSE
学习,线性代数提高课,2021/9/5,11:02:08,12:03:02,1:00:54,+08:00,FALSE,TRUE
娱乐,,2021/9/5,12:03:02,14:09:06,2:06:04,+08:00,FALSE,
日常生活,常规琐事,2021/9/5,14:09:10,14:30:45,0:21:35,+08:00,FALSE,FALSE
自我提升,冥想,2021/9/5,14:30:54,14:46:30,0:15:36,+08:00,FALSE,FALSE
学习,英语单词,2021/9/5,14:46:30,15:24:36,0:38:06,+08:00,FALSE,FALSE
学习,线性代数提高课,2021/9/5,15:24:36,16:41:32,1:16:56,+08:00,FALSE,TRUE
日常生活,,2021/9/5,16:41:32,16:50:16,0:08:44,+08:00,FALSE,
学习,线性代数提高课,2021/9/5,16:50:16,17:41:38,0:51:22,+08:00,FALSE,TRUE
学习,英语单词,2021/9/5,17:41:38,18:13:39,0:32:01,+08:00,FALSE,FALSE
日常生活,常规琐事,2021/9/5,18:14:11,19:23:17,1:09:06,+08:00,FALSE,FALSE
娱乐,直播 视频,2021/9/5,19:23:22,19:48:30,0:25:08,+08:00,FALSE,FALSE
学习,英语单词,2021/9/5,19:48:30,20:29:35,0:41:05,+08:00,FALSE,FALSE
学习,线性代数提高课,2021/9/5,20:29:35,21:33:03,1:03:28,+08:00,FALSE,TRUE
自我提升,归纳总结,2021/9/5,21:33:03,21:40:44,0:07:41,+08:00,FALSE,FALSE
通勤,,2021/9/5,21:40:44,22:09:47,0:29:03,+08:00,FALSE,
娱乐,直播 视频,2021/9/5,22:09:47,23:59:59,1:50:12,+08:00,FALSE,FALSE
娱乐,直播 视频,2021/9/6,0:00:00,0:30:20,0:30:20,+08:00,FALSE,FALSE
睡觉,,2021/9/6,0:30:20,7:58:13,7:27:53,+08:00,FALSE,
日常生活,常规琐事,2021/9/6,8:10:17,8:55:38,0:45:21,+08:00,FALSE,FALSE
学习,英语单词,2021/9/6,8:55:42,8:55:57,0:00:15,+08:00,FALSE,FALSE
工作,udp,2021/9/6,8:56:02,9:44:21,0:48:19,+08:00,FALSE,TRUE
日常生活,,2021/9/6,9:44:21,10:02:30,0:18:09,+08:00,FALSE,
工作,精简代码,2021/9/6,10:02:30,10:30:37,0:28:07,+08:00,FALSE,TRUE
通勤,,2021/9/6,10:30:40,10:46:54,0:16:14,+08:00,FALSE,
日常生活,常规琐事,2021/9/6,10:53:49,11:05:17,0:11:28,+08:00,FALSE,FALSE
学习,学习计划,2021/9/6,11:05:17,11:14:26,0:09:09,+08:00,FALSE,FALSE
日常生活,常规琐事,2021/9/6,11:14:26,11:18:44,0:04:18,+08:00,FALSE,FALSE
日常生活,常规琐事,2021/9/6,11:19:16,11:24:56,0:05:40,+08:00,FALSE,FALSE
学习,英语单词,2021/9/6,11:24:56,12:20:46,0:55:50,+08:00,FALSE,FALSE
日常生活,吃饭,2021/9/6,12:20:46,13:18:53,0:58:07,+08:00,FALSE,FALSE
日常生活,常规琐事,2021/9/6,13:19:47,13:33:38,0:13:51,+08:00,FALSE,FALSE
日常生活,常规琐事,2021/9/6,13:57:00,14:01:09,0:04:09,+08:00,FALSE,FALSE
自我提升,冥想,2021/9/6,14:01:09,14:24:33,0:23:24,+08:00,FALSE,FALSE
学习,线性代数提高课,2021/9/6,14:24:33,15:24:37,1:00:04,+08:00,FALSE,TRUE
自我提升,Pure 休息,2021/9/6,15:24:37,15:29:59,0:05:22,+08:00,FALSE,FALSE
学习,线性代数提高课,2021/9/6,15:29:59,15:42:24,0:12:25,+08:00,FALSE,TRUE
学习,英语单词,2021/9/6,15:47:01,16:15:22,0:28:21,+08:00,FALSE,FALSE
自我提升,Pure 休息,2021/9/6,16:15:22,16:15:23,0:00:01,+08:00,FALSE,FALSE
学习,线性代数提高课,2021/9/6,16:15:23,16:15:26,0:00:03,+08:00,FALSE,TRUE
自我提升,Pure 休息,2021/9/6,16:15:26,16:26:53,0:11:27,+08:00,FALSE,FALSE
学习,线性代数提高课,2021/9/6,16:33:14,17:26:36,0:53:22,+08:00,FALSE,TRUE
自我提升,Pure 休息,2021/9/6,17:26:36,17:29:20,0:02:44,+08:00,FALSE,FALSE
娱乐,直播 视频,2021/9/6,17:29:20,18:16:17,0:46:57,+08:00,FALSE,FALSE
日常生活,吃饭,2021/9/6,18:16:22,18:44:04,0:27:42,+08:00,FALSE,FALSE
学习,线性代数提高课,2021/9/6,18:44:04,19:23:04,0:39:00,+08:00,FALSE,TRUE
学习,英语单词,2021/9/6,19:23:29,19:53:52,0:30:23,+08:00,FALSE,FALSE
自我提升,Pure 休息,2021/9/6,19:53:52,20:10:01,0:16:09,+08:00,FALSE,FALSE
娱乐,直播 视频,2021/9/6,20:10:01,20:42:53,0:32:52,+08:00,FALSE,FALSE
学习,线性代数提高课,2021/9/6,20:43:04,21:32:36,0:49:32,+08:00,FALSE,TRUE
自我提升,归纳总结,2021/9/6,21:32:36,21:35:50,0:03:14,+08:00,FALSE,FALSE
通勤,,2021/9/6,21:35:50,22:07:37,0:31:47,+08:00,FALSE,
娱乐,直播 视频,2021/9/6,22:07:37,23:20:45,1:13:08,+08:00,FALSE,FALSE
日常生活,常规琐事,2021/9/6,23:20:49,23:28:54,0:08:05,+08:00,FALSE,FALSE
娱乐,直播 视频,2021/9/6,23:28:55,23:59:59,0:31:04,+08:00,FALSE,FALSE
娱乐,直播 视频,2021/9/7,0:00:00,1:45:12,1:45:12,+08:00,FALSE,FALSE
睡觉,,2021/9/7,1:52:51,8:31:51,6:39:00,+08:00,FALSE,
日常生活,,2021/9/7,8:42:17,9:10:36,0:28:19,+08:00,FALSE,
工作,两个电脑通信,2021/9/7,9:10:36,10:32:10,1:21:34,+08:00,FALSE,TRUE
学习,英语单词,2021/9/7,10:32:14,11:09:49,0:37:35,+08:00,FALSE,FALSE
日常生活,吃饭,2021/9/7,11:09:55,11:31:29,0:21:34,+08:00,FALSE,FALSE
日常生活,,2021/9/7,11:31:31,11:51:48,0:20:17,+08:00,FALSE,
娱乐,直播 视频,2021/9/7,11:51:48,12:23:53,0:32:05,+08:00,FALSE,FALSE
睡觉,,2021/9/7,12:23:55,13:00:47,0:36:52,+08:00,FALSE,
自我提升,冥想,2021/9/7,13:00:47,13:29:24,0:28:37,+08:00,FALSE,FALSE
通勤,,2021/9/7,13:29:33,13:50:03,0:20:30,+08:00,FALSE,
学习,英语单词,2021/9/7,13:50:17,14:04:44,0:14:27,+08:00,FALSE,FALSE
工作,PPT,2021/9/7,14:04:44,15:37:13,1:32:29,+08:00,FALSE,TRUE
通勤,,2021/9/7,15:39:08,15:55:53,0:16:45,+08:00,FALSE,
自我提升,归纳总结,2021/9/7,15:55:53,16:00:05,0:04:12,+08:00,FALSE,FALSE
学习,英语单词,2021/9/7,16:00:05,16:01:13,0:01:08,+08:00,FALSE,FALSE
日常生活,,2021/9/7,16:01:13,16:34:15,0:33:02,+08:00,FALSE,
学习,英语单词,2021/9/7,16:34:17,16:40:19,0:06:02,+08:00,FALSE,FALSE
日常生活,,2021/9/7,16:40:20,16:51:18,0:10:58,+08:00,FALSE,
学习,英语单词,2021/9/7,16:51:34,17:16:42,0:25:08,+08:00,FALSE,FALSE
学习,线性代数提高课,2021/9/7,17:26:48,17:56:18,0:29:30,+08:00,FALSE,TRUE
自我提升,Pure 休息,2021/9/7,17:56:18,18:04:07,0:07:49,+08:00,FALSE,FALSE
学习,线性代数提高课,2021/9/7,18:04:07,18:35:14,0:31:07,+08:00,FALSE,TRUE
日常生活,吃饭,2021/9/7,18:35:14,18:51:40,0:16:26,+08:00,FALSE,FALSE
学习,线性代数提高课,2021/9/7,18:51:40,19:51:55,1:00:15,+08:00,FALSE,TRUE
自我提升,Pure 休息,2021/9/7,19:51:55,20:09:24,0:17:29,+08:00,FALSE,FALSE
学习,线性代数提高课,2021/9/7,20:09:24,20:48:09,0:38:45,+08:00,FALSE,TRUE
自我提升,Pure 休息,2021/9/7,20:48:09,20:58:14,0:10:05,+08:00,FALSE,FALSE
学习,线性代数提高课,2021/9/7,20:58:14,21:31:18,0:33:04,+08:00,FALSE,TRUE
自我提升,归纳总结,2021/9/7,21:31:18,21:37:25,0:06:07,+08:00,FALSE,FALSE
通勤,,2021/9/7,21:37:25,21:55:28,0:18:03,+08:00,FALSE,
日常生活,,2021/9/7,21:55:28,22:41:35,0:46:07,+08:00,FALSE,
娱乐,直播 视频,2021/9/7,22:41:35,23:59:59,1:18:24,+08:00,FALSE,FALSE
娱乐,直播 视频,2021/9/8,0:00:00,1:09:21,1:09:21,+08:00,FALSE,FALSE
日常生活,,2021/9/8,1:09:23,1:50:01,0:40:38,+08:00,FALSE,
娱乐,直播 视频,2021/9/8,1:50:01,2:07:03,0:17:02,+08:00,FALSE,FALSE
睡觉,,2021/9/8,2:07:03,8:34:45,6:27:42,+08:00,FALSE,
日常生活,,2021/9/8,8:34:45,9:03:18,0:28:33,+08:00,FALSE,
日常生活,吃饭,2021/9/8,9:03:18,9:18:47,0:15:29,+08:00,FALSE,FALSE
通勤,,2021/9/8,9:18:47,9:37:32,0:18:45,+08:00,FALSE,
日常生活,常规琐事,2021/9/8,9:37:32,9:37:40,0:00:08,+08:00,FALSE,FALSE
日常生活,arrange things,2021/9/8,9:37:40,10:23:06,0:45:26,+08:00,FALSE,FALSE
娱乐,,2021/9/8,10:23:06,12:15:08,1:52:02,+08:00,FALSE,
通勤,,2021/9/8,12:15:08,12:25:57,0:10:49,+08:00,FALSE,
日常生活,吃饭,2021/9/8,12:25:57,12:50:05,0:24:08,+08:00,FALSE,FALSE
通勤,,2021/9/8,12:50:05,13:04:08,0:14:03,+08:00,FALSE,
日常生活,常规琐事,2021/9/8,13:04:11,13:17:53,0:13:42,+08:00,FALSE,FALSE
通勤,,2021/9/8,13:17:53,14:01:30,0:43:37,+08:00,FALSE,
学习,英语单词,2021/9/8,14:01:30,15:28:23,1:26:53,+08:00,FALSE,FALSE
自我提升,冥想,2021/9/8,15:28:23,15:49:01,0:20:38,+08:00,FALSE,FALSE
日常生活,常规琐事,2021/9/8,15:49:01,16:03:28,0:14:27,+08:00,FALSE,FALSE
学习,英语单词,2021/9/8,16:03:30,16:19:05,0:15:35,+08:00,FALSE,FALSE
工作,,2021/9/8,16:19:05,16:47:18,0:28:13,+08:00,FALSE,
通勤,,2021/9/8,16:47:24,16:59:19,0:11:55,+08:00,FALSE,
工作,,2021/9/8,16:59:20,17:09:29,0:10:09,+08:00,FALSE,
娱乐,,2021/9/8,17:09:29,17:41:16,0:31:47,+08:00,FALSE,
日常生活,吃饭,2021/9/8,17:41:18,18:24:53,0:43:35,+08:00,FALSE,FALSE
学习,英语单词,2021/9/8,18:24:53,19:07:50,0:42:57,+08:00,FALSE,FALSE
学习,线性代数提高课,2021/9/8,19:08:31,20:07:48,0:59:17,+08:00,FALSE,TRUE
自我提升,冥想,2021/9/8,20:07:48,20:29:07,0:21:19,+08:00,FALSE,FALSE
学习,线性代数提高课,2021/9/8,20:29:07,21:33:50,1:04:43,+08:00,FALSE,TRUE
通勤,,2021/9/8,21:33:50,22:06:36,0:32:46,+08:00,FALSE,
娱乐,,2021/9/8,22:06:36,22:14:39,0:08:03,+08:00,FALSE,
日常生活,整理东西,2021/9/8,22:14:39,22:46:41,0:32:02,+08:00,FALSE,FALSE
娱乐,,2021/9/8,22:46:42,23:59:59,1:13:17,+08:00,FALSE,
娱乐,,2021/9/9,0:00:00,1:19:06,1:19:06,+08:00,FALSE,
睡觉,,2021/9/9,1:19:06,8:08:52,6:49:46,+08:00,FALSE,
日常生活,整理东西,2021/9/9,8:15:49,8:55:58,0:40:09,+08:00,FALSE,FALSE
通勤,,2021/9/9,8:55:58,9:22:05,0:26:07,+08:00,FALSE,
娱乐,,2021/9/9,9:22:05,9:55:52,0:33:47,+08:00,FALSE,
学习,学习计划,2021/9/9,9:55:52,10:11:21,0:15:29,+08:00,FALSE,FALSE
自我提升,Pure 休息,2021/9/9,10:11:21,10:15:19,0:03:58,+08:00,FALSE,FALSE
学习,线性代数提高课,2021/9/9,10:15:19,10:20:17,0:04:58,+08:00,FALSE,TRUE
日常生活,常规琐事,2021/9/9,10:20:17,10:34:59,0:14:42,+08:00,FALSE,FALSE
学习,线性代数提高课,2021/9/9,10:34:59,11:14:29,0:39:30,+08:00,FALSE,TRUE
日常生活,常规琐事,2021/9/9,11:14:29,11:27:20,0:12:51,+08:00,FALSE,FALSE
学习,英语单词,2021/9/9,11:27:20,11:54:26,0:27:06,+08:00,FALSE,FALSE
自我提升,Pure 休息,2021/9/9,11:54:26,11:58:34,0:04:08,+08:00,FALSE,FALSE
学习,线性代数提高课,2021/9/9,11:58:34,13:18:15,1:19:41,+08:00,FALSE,TRUE
通勤,,2021/9/9,13:18:15,13:38:50,0:20:35,+08:00,FALSE,
日常生活,吃饭,2021/9/9,13:38:50,14:00:11,0:21:21,+08:00,FALSE,FALSE
娱乐,,2021/9/9,14:00:11,14:36:23,0:36:12,+08:00,FALSE,
睡觉,,2021/9/9,14:36:23,15:04:15,0:27:52,+08:00,FALSE,
学习,线性代数提高课,2021/9/9,15:04:15,16:16:10,1:11:55,+08:00,FALSE,TRUE
自我提升,Pure 休息,2021/9/9,16:16:10,16:36:40,0:20:30,+08:00,FALSE,FALSE
学习,英语单词,2021/9/9,16:36:40,17:07:07,0:30:27,+08:00,FALSE,FALSE
自我提升,Pure 休息,2021/9/9,17:07:07,17:24:03,0:16:56,+08:00,FALSE,FALSE
学习,线性代数提高课,2021/9/9,17:25:31,18:26:42,1:01:11,+08:00,FALSE,TRUE
日常生活,吃饭,2021/9/9,18:26:42,19:32:08,1:05:26,+08:00,FALSE,FALSE
学习,线性代数提高课,2021/9/9,19:32:08,21:27:46,1:55:38,+08:00,FALSE,TRUE
自我提升,归纳总结,2021/9/9,21:29:58,21:35:39,0:05:41,+08:00,FALSE,FALSE
通勤,,2021/9/9,21:39:49,21:57:43,0:17:54,+08:00,FALSE,
娱乐,直播 视频,2021/9/9,22:37:58,23:59:59,1:22:01,+08:00,FALSE,FALSE
娱乐,直播 视频,2021/9/10,0:00:00,2:06:55,2:06:55,+08:00,FALSE,FALSE
睡觉,,2021/9/10,2:06:55,8:28:42,6:21:47,+08:00,FALSE,
日常生活,,2021/9/10,8:28:42,8:47:41,0:18:59,+08:00,FALSE,
通勤,,2021/9/10,8:47:41,8:52:43,0:05:02,+08:00,FALSE,
日常生活,吃饭,2021/9/10,8:52:43,9:01:29,0:08:46,+08:00,FALSE,FALSE
通勤,,2021/9/10,9:01:30,9:27:22,0:25:52,+08:00,FALSE,
日常生活,,2021/9/10,9:27:22,9:40:17,0:12:55,+08:00,FALSE,
学习,线性代数提高课,2021/9/10,9:40:17,10:55:29,1:15:12,+08:00,FALSE,TRUE
学习,学习计划,2021/9/10,10:55:29,12:37:59,1:42:30,+08:00,FALSE,FALSE
通勤,,2021/9/10,12:37:59,13:03:18,0:25:19,+08:00,FALSE,
日常生活,吃饭,2021/9/10,13:03:18,13:29:46,0:26:28,+08:00,FALSE,FALSE
娱乐,直播 视频,2021/9/10,13:29:48,14:06:00,0:36:12,+08:00,FALSE,FALSE
睡觉,,2021/9/10,14:06:07,15:11:13,1:05:06,+08:00,FALSE,
通勤,,2021/9/10,15:11:13,15:51:11,0:39:58,+08:00,FALSE,
学习,学习计划,2021/9/10,15:51:11,16:04:31,0:13:20,+08:00,FALSE,FALSE
学习,英语单词,2021/9/10,16:04:31,16:41:24,0:36:53,+08:00,FALSE,FALSE
娱乐,,2021/9/10,16:41:24,17:50:49,1:09:25,+08:00,FALSE,
日常生活,吃饭,2021/9/10,17:50:49,18:18:37,0:27:48,+08:00,FALSE,FALSE
学习,学习计划,2021/9/10,18:18:40,18:48:58,0:30:18,+08:00,FALSE,FALSE
日常生活,arrange things,2021/9/10,18:48:58,21:37:00,2:48:02,+08:00,FALSE,FALSE
通勤,,2021/9/10,21:37:00,22:15:35,0:38:35,+08:00,FALSE,
娱乐,,2021/9/10,22:15:35,23:59:59,1:44:24,+08:00,FALSE,
娱乐,,2021/9/11,0:00:00,1:50:40,1:50:40,+08:00,FALSE,
睡觉,,2021/9/11,1:50:40,8:17:51,6:27:11,+08:00,FALSE,
日常生活,,2021/9/11,8:17:51,8:34:54,0:17:03,+08:00,FALSE,
日常生活,吃饭,2021/9/11,8:34:54,9:02:16,0:27:22,+08:00,FALSE,FALSE
学习,学习计划,2021/9/11,9:02:16,9:03:37,0:01:21,+08:00,FALSE,FALSE
日常生活,arrange things,2021/9/11,9:03:37,11:36:30,2:32:53,+08:00,FALSE,FALSE
娱乐,,2021/9/11,11:36:40,11:56:46,0:20:06,+08:00,FALSE,
日常生活,吃饭,2021/9/11,11:56:46,12:21:41,0:24:55,+08:00,FALSE,FALSE
日常生活,,2021/9/11,12:21:41,13:11:17,0:49:36,+08:00,FALSE,
睡觉,,2021/9/11,13:11:17,13:34:48,0:23:31,+08:00,FALSE,
通勤,,2021/9/11,13:34:54,13:59:57,0:25:03,+08:00,FALSE,
娱乐,,2021/9/11,13:59:57,14:38:28,0:38:31,+08:00,FALSE,
学习,学习计划,2021/9/11,14:38:28,14:40:42,0:02:14,+08:00,FALSE,FALSE
学习,笔记归纳整理,2021/9/11,14:40:42,15:25:57,0:45:15,+08:00,FALSE,TRUE
日常生活,,2021/9/11,15:25:57,15:41:23,0:15:26,+08:00,FALSE,
学习,笔记归纳整理,2021/9/11,15:41:23,16:46:45,1:05:22,+08:00,FALSE,TRUE
自我提升,Pure 休息,2021/9/11,16:46:45,16:52:21,0:05:36,+08:00,FALSE,FALSE
学习,笔记归纳整理,2021/9/11,16:52:38,17:22:40,0:30:02,+08:00,FALSE,TRUE
娱乐,直播 视频,2021/9/11,17:22:52,17:44:27,0:21:35,+08:00,FALSE,FALSE
学习,笔记归纳整理,2021/9/11,17:44:28,18:16:53,0:32:25,+08:00,FALSE,TRUE
娱乐,直播 视频,2021/9/11,18:16:53,18:16:56,0:00:03,+08:00,FALSE,FALSE
日常生活,吃饭,2021/9/11,18:16:56,18:46:16,0:29:20,+08:00,FALSE,FALSE
娱乐,直播 视频,2021/9/11,18:46:16,19:01:05,0:14:49,+08:00,FALSE,FALSE
学习,笔记归纳整理,2021/9/11,19:01:09,19:33:42,0:32:33,+08:00,FALSE,TRUE
娱乐,直播 视频,2021/9/11,19:33:53,19:53:53,0:20:00,+08:00,FALSE,FALSE
自我提升,,2021/9/11,19:53:53,20:08:20,0:14:27,+08:00,FALSE,
学习,英语单词,2021/9/11,20:08:24,20:46:14,0:37:50,+08:00,FALSE,FALSE
学习,笔记归纳整理,2021/9/11,20:46:14,21:13:48,0:27:34,+08:00,FALSE,TRUE
通勤,,2021/9/11,21:23:57,22:07:10,0:43:13,+08:00,FALSE,
娱乐,,2021/9/11,22:07:27,23:59:59,1:52:32,+08:00,FALSE,
娱乐,,2021/9/12,0:00:00,0:56:39,0:56:39,+08:00,FALSE,
睡觉,,2021/9/12,0:56:39,8:34:04,7:37:25,+08:00,FALSE,
日常生活,,2021/9/12,8:34:11,8:37:08,0:02:57,+08:00,FALSE,
娱乐,,2021/9/12,8:37:08,9:04:05,0:26:57,+08:00,FALSE,
通勤,,2021/9/12,9:04:05,9:16:38,0:12:33,+08:00,FALSE,
日常生活,吃饭,2021/9/12,9:16:38,9:47:49,0:31:11,+08:00,FALSE,FALSE
学习,英语单词,2021/9/12,9:51:07,10:19:24,0:28:17,+08:00,FALSE,FALSE
学习,英语单词,2021/9/12,10:24:24,10:52:36,0:28:12,+08:00,FALSE,FALSE
学习,英语单词,2021/9/12,10:57:28,11:22:40,0:25:12,+08:00,FALSE,FALSE
学习,笔记归纳整理,2021/9/12,11:22:47,11:39:19,0:16:32,+08:00,FALSE,TRUE
日常生活,,2021/9/12,11:39:19,12:16:12,0:36:53,+08:00,FALSE,
学习,笔记归纳整理,2021/9/12,12:16:15,13:05:14,0:48:59,+08:00,FALSE,TRUE
自我提升,归纳总结,2021/9/12,13:05:14,13:10:50,0:05:36,+08:00,FALSE,FALSE
日常生活,,2021/9/12,13:10:50,13:22:29,0:11:39,+08:00,FALSE,
通勤,,2021/9/12,13:22:29,14:27:08,1:04:39,+08:00,FALSE,
日常生活,,2021/9/12,14:27:10,15:07:20,0:40:10,+08:00,FALSE,
学习,笔记归纳整理,2021/9/12,15:07:20,16:05:48,0:58:28,+08:00,FALSE,TRUE
自我提升,冥想,2021/9/12,16:06:44,16:07:39,0:00:55,+08:00,FALSE,FALSE
娱乐,,2021/9/12,16:07:39,16:20:48,0:13:09,+08:00,FALSE,
自我提升,冥想,2021/9/12,16:20:48,16:32:50,0:12:02,+08:00,FALSE,FALSE
学习,学习计划,2021/9/12,16:44:16,17:04:36,0:20:20,+08:00,FALSE,FALSE
学习,马原强化课,2021/9/12,17:09:42,18:27:35,1:17:53,+08:00,FALSE,FALSE
日常生活,,2021/9/12,18:27:38,18:33:55,0:06:17,+08:00,FALSE,
通勤,,2021/9/12,18:33:55,19:05:09,0:31:14,+08:00,FALSE,
娱乐,,2021/9/12,19:05:17,20:02:42,0:57:25,+08:00,FALSE,
学习,马原强化课,2021/9/12,20:10:32,20:28:49,0:18:17,+08:00,FALSE,FALSE
学习,做题 线性代数辅导讲义,2021/9/12,20:28:49,21:32:38,1:03:49,+08:00,FALSE,FALSE
通勤,,2021/9/12,21:32:40,22:03:03,0:30:23,+08:00,FALSE,
娱乐,,2021/9/12,22:03:05,23:59:59,1:56:54,+08:00,FALSE,
娱乐,,2021/9/13,0:00:00,0:18:16,0:18:16,+08:00,FALSE,
娱乐,_(:зf∠)_,2021/9/13,0:18:34,1:29:34,1:11:00,+08:00,FALSE,FALSE
睡觉,,2021/9/13,1:29:34,8:54:37,7:25:03,+08:00,FALSE,
工作,整理文件,2021/9/13,9:20:54,9:31:13,0:10:19,+08:00,FALSE,TRUE
工作,,2021/9/13,9:31:51,11:36:05,2:04:14,+08:00,FALSE,
通勤,,2021/9/13,11:36:08,11:42:55,0:06:47,+08:00,FALSE,
日常生活,吃饭,2021/9/13,11:43:02,12:13:33,0:30:31,+08:00,FALSE,FALSE
日常生活,整理东西,2021/9/13,12:13:37,12:56:22,0:42:45,+08:00,FALSE,FALSE
日常生活,吃饭,2021/9/13,12:56:22,13:32:11,0:35:49,+08:00,FALSE,FALSE
娱乐,,2021/9/13,13:42:32,15:06:38,1:24:06,+08:00,FALSE,
睡觉,,2021/9/13,15:06:44,16:08:34,1:01:50,+08:00,FALSE,
娱乐,,2021/9/13,16:08:34,16:22:09,0:13:35,+08:00,FALSE,
通勤,,2021/9/13,16:22:09,17:12:58,0:50:49,+08:00,FALSE,
娱乐,,2021/9/13,17:12:58,17:51:07,0:38:09,+08:00,FALSE,
学习,马原强化课,2021/9/13,18:20:15,21:27:02,3:06:47,+08:00,FALSE,FALSE
学习,英语单词,2021/9/13,22:09:27,22:32:42,0:23:15,+08:00,FALSE,FALSE
娱乐,,2021/9/13,22:32:44,23:59:59,1:27:15,+08:00,FALSE,
娱乐,,2021/9/14,0:00:00,1:20:45,1:20:45,+08:00,FALSE,
睡觉,,2021/9/14,1:20:45,8:25:51,7:05:06,+08:00,FALSE,
日常生活,吃饭,2021/9/14,8:53:41,9:03:42,0:10:01,+08:00,FALSE,FALSE
通勤,,2021/9/14,9:03:42,9:23:10,0:19:28,+08:00,FALSE,
学习,学习计划,2021/9/14,9:23:10,9:33:15,0:10:05,+08:00,FALSE,FALSE
Distracted,,2021/9/14,9:33:19,9:41:03,0:07:44,+08:00,FALSE,
学习,英语单词,2021/9/14,9:41:11,10:15:16,0:34:05,+08:00,FALSE,FALSE
学习,做题 线性代数辅导讲义,2021/9/14,10:15:16,11:39:44,1:24:28,+08:00,FALSE,FALSE
学习,复习高等数学,2021/9/14,11:41:07,11:56:16,0:15:09,+08:00,FALSE,FALSE
通勤,,2021/9/14,11:56:39,12:18:57,0:22:18,+08:00,FALSE,
日常生活,吃饭,2021/9/14,12:18:57,12:50:03,0:31:06,+08:00,FALSE,FALSE
睡觉,,2021/9/14,13:15:22,13:35:38,0:20:16,+08:00,FALSE,
通勤,,2021/9/14,13:46:03,13:58:46,0:12:43,+08:00,FALSE,
工作,,2021/9/14,14:09:06,16:26:03,2:16:57,+08:00,FALSE,
学习,英语单词,2021/9/14,16:36:55,17:00:41,0:23:46,+08:00,FALSE,FALSE
学习,做题 线性代数辅导讲义,2021/9/14,17:00:47,17:30:51,0:30:04,+08:00,FALSE,FALSE
学习,复习高等数学,2021/9/14,17:31:42,18:20:22,0:48:40,+08:00,FALSE,FALSE
学习,马原强化课,2021/9/14,18:24:21,19:51:33,1:27:12,+08:00,FALSE,FALSE
日常生活,整理东西,2021/9/14,19:52:23,21:04:50,1:12:27,+08:00,FALSE,FALSE
通勤,,2021/9/14,21:04:52,21:30:00,0:25:08,+08:00,FALSE,
通勤,,2021/9/15,0:00:00,0:06:16,0:06:16,+08:00,FALSE,
自我提升,幸福课,2021/9/15,20:07:13,21:07:53,1:00:40,+08:00,FALSE,TRUE
学习,学习计划,2021/9/15,21:08:08,21:28:56,0:20:48,+08:00,FALSE,FALSE
学习,英语单词,2021/9/15,21:37:37,21:59:24,0:21:47,+08:00,FALSE,FALSE
学习,英语单词,2021/9/16,18:02:11,18:45:21,0:43:10,+08:00,FALSE,FALSE
学习,学习计划,2021/9/16,18:45:26,18:47:32,0:02:06,+08:00,FALSE,FALSE
学习,复习高等数学,2021/9/16,18:48:09,19:30:05,0:41:56,+08:00,FALSE,FALSE
娱乐,,2021/9/16,19:30:24,19:53:12,0:22:48,+08:00,FALSE,
学习,复习线性代数,2021/9/16,19:53:12,21:09:58,1:16:46,+08:00,FALSE,FALSE
日常生活,常规琐事,2021/9/17,8:21:11,8:37:10,0:15:59,+08:00,FALSE,FALSE
学习,英语单词,2021/9/17,8:47:24,9:09:26,0:22:02,+08:00,FALSE,FALSE
学习,做题 线性代数辅导讲义,2021/9/17,9:09:35,10:27:03,1:17:28,+08:00,FALSE,FALSE
学习,做题 线性代数辅导讲义,2021/9/17,10:34:37,12:39:09,2:04:32,+08:00,FALSE,FALSE
学习,英语单词,2021/9/17,14:24:26,14:37:53,0:13:27,+08:00,FALSE,FALSE
学习,英语单词,2021/9/17,14:39:34,14:46:47,0:07:13,+08:00,FALSE,FALSE
学习,英语单词,2021/9/17,15:59:06,16:17:29,0:18:23,+08:00,FALSE,FALSE
娱乐,,2021/9/17,16:44:35,17:31:31,0:46:56,+08:00,FALSE,
学习,复习线性代数,2021/9/17,18:55:24,19:33:38,0:38:14,+08:00,FALSE,FALSE
学习,做题 线性代数辅导讲义,2021/9/17,19:33:40,19:36:26,0:02:46,+08:00,FALSE,FALSE
学习,做题 线性代数辅导讲义,2021/9/17,20:05:51,20:57:15,0:51:24,+08:00,FALSE,FALSE
学习,英语单词,2021/9/17,21:06:43,21:23:03,0:16:20,+08:00,FALSE,FALSE
学习,英语单词,2021/9/18,8:51:05,9:08:45,0:17:40,+08:00,FALSE,FALSE
学习,复习线性代数,2021/9/18,9:18:18,9:46:06,0:27:48,+08:00,FALSE,FALSE
学习,英语单词,2021/9/18,9:46:08,10:22:10,0:36:02,+08:00,FALSE,FALSE
学习,学习计划,2021/9/18,10:22:27,10:37:07,0:14:40,+08:00,FALSE,FALSE
娱乐,,2021/9/18,10:37:10,10:54:16,0:17:06,+08:00,FALSE,
学习,复习高等数学,2021/9/18,11:08:43,11:40:46,0:32:03,+08:00,FALSE,FALSE
日常生活,吃饭,2021/9/18,11:54:17,12:33:42,0:39:25,+08:00,FALSE,FALSE
自我提升,冥想,2021/9/18,12:48:04,12:48:33,0:00:29,+08:00,FALSE,FALSE
自我提升,冥想,2021/9/18,12:57:21,13:09:07,0:11:46,+08:00,FALSE,FALSE
睡觉,,2021/9/18,13:14:29,13:29:26,0:14:57,+08:00,FALSE,
学习,英语单词,2021/9/18,13:29:29,13:41:07,0:11:38,+08:00,FALSE,FALSE
学习,学习计划,2021/9/18,13:41:54,13:55:38,0:13:44,+08:00,FALSE,FALSE
学习,复习高等数学,2021/9/18,13:55:38,14:54:27,0:58:49,+08:00,FALSE,FALSE
自我提升,Pure 休息,2021/9/18,14:54:48,14:58:48,0:04:00,+08:00,FALSE,FALSE
学习,复习高等数学,2021/9/18,14:58:50,15:10:11,0:11:21,+08:00,FALSE,FALSE
学习,英语卷子,2021/9/18,15:10:30,16:02:18,0:51:48,+08:00,FALSE,FALSE
娱乐,,2021/9/18,16:08:46,17:24:55,1:16:09,+08:00,FALSE,
学习,英语卷子,2021/9/18,17:25:03,18:03:07,0:38:04,+08:00,FALSE,FALSE
学习,英语卷子,2021/9/18,19:02:46,20:02:27,0:59:41,+08:00,FALSE,FALSE
学习,做题 线性代数辅导讲义,2021/9/18,20:10:42,20:48:45,0:38:03,+08:00,FALSE,FALSE
学习,英语单词,2021/9/19,7:38:47,7:52:31,0:13:44,+08:00,FALSE,FALSE
学习,英语单词,2021/9/19,8:38:02,8:48:03,0:10:01,+08:00,FALSE,FALSE
学习,学习计划,2021/9/19,8:48:19,8:57:57,0:09:38,+08:00,FALSE,FALSE
学习,做题 线性代数辅导讲义,2021/9/19,8:58:05,10:07:50,1:09:45,+08:00,FALSE,FALSE
学习,复习线性代数,2021/9/19,10:08:05,10:56:17,0:48:12,+08:00,FALSE,FALSE
娱乐,,2021/9/19,10:57:01,11:15:22,0:18:21,+08:00,FALSE,
学习,做题 线性代数辅导讲义,2021/9/19,11:19:29,12:10:35,0:51:06,+08:00,FALSE,FALSE
娱乐,,2021/9/19,12:11:25,12:13:24,0:01:59,+08:00,FALSE,
日常生活,吃饭,2021/9/19,12:13:31,13:25:38,1:12:07,+08:00,FALSE,FALSE
娱乐,,2021/9/19,13:25:44,13:35:39,0:09:55,+08:00,FALSE,
睡觉,,2021/9/19,13:35:42,14:01:05,0:25:23,+08:00,FALSE,
学习,学习计划,2021/9/19,14:02:33,14:07:43,0:05:10,+08:00,FALSE,FALSE
学习,复习高等数学,2021/9/19,14:08:00,14:15:28,0:07:28,+08:00,FALSE,FALSE
学习,复习线性代数,2021/9/19,14:15:28,15:27:58,1:12:30,+08:00,FALSE,FALSE
学习,英语单词,2021/9/19,15:28:06,16:06:55,0:38:49,+08:00,FALSE,FALSE
学习,复习高等数学,2021/9/19,16:11:40,16:39:32,0:27:52,+08:00,FALSE,FALSE
娱乐,,2021/9/19,16:39:48,16:52:59,0:13:11,+08:00,FALSE,
学习,复习高等数学,2021/9/19,16:53:06,17:27:00,0:33:54,+08:00,FALSE,FALSE
学习,数学1800,2021/9/19,17:28:55,17:42:05,0:13:10,+08:00,FALSE,FALSE
日常生活,吃饭,2021/9/19,17:42:09,18:29:39,0:47:30,+08:00,FALSE,FALSE
娱乐,,2021/9/19,18:29:40,18:54:12,0:24:32,+08:00,FALSE,
学习,数学1800,2021/9/19,18:54:25,19:55:01,1:00:36,+08:00,FALSE,FALSE
工作,班会,2021/9/19,19:55:16,20:03:16,0:08:00,+08:00,FALSE,TRUE
工作,班会,2021/9/19,20:03:17,20:28:01,0:24:44,+08:00,FALSE,TRUE
学习,数学1800,2021/9/19,20:28:03,20:42:53,0:14:50,+08:00,FALSE,FALSE
学习,查考研资料,2021/9/19,20:43:11,21:33:25,0:50:14,+08:00,FALSE,FALSE
学习,数学1800,2021/9/20,14:51:25,15:57:53,1:06:28,+08:00,FALSE,FALSE
学习,做题 线性代数辅导讲义,2021/9/20,16:06:50,17:21:47,1:14:57,+08:00,FALSE,FALSE
娱乐,,2021/9/20,17:21:59,17:52:50,0:30:51,+08:00,FALSE,
学习,做题 线性代数辅导讲义,2021/9/20,17:52:54,18:22:50,0:29:56,+08:00,FALSE,FALSE
日常生活,吃饭,2021/9/20,18:23:53,19:18:58,0:55:05,+08:00,FALSE,FALSE
学习,做题 线性代数辅导讲义,2021/9/20,19:19:11,20:18:38,0:59:27,+08:00,FALSE,FALSE
学习,英语单词,2021/9/20,20:23:51,21:28:40,1:04:49,+08:00,FALSE,FALSE
娱乐,,2021/9/20,22:17:20,23:59:59,1:42:39,+08:00,FALSE,
娱乐,,2021/9/21,0:00:00,1:19:32,1:19:32,+08:00,FALSE,
日常生活,常规琐事,2021/9/21,14:34:22,16:06:25,1:32:03,+08:00,FALSE,FALSE
娱乐,,2021/9/21,16:06:26,16:37:58,0:31:32,+08:00,FALSE,
日常生活,整理东西,2021/9/21,16:38:10,17:08:23,0:30:13,+08:00,FALSE,FALSE
通勤,,2021/9/21,17:08:26,17:20:56,0:12:30,+08:00,FALSE,
日常生活,吃饭,2021/9/21,17:20:59,17:49:09,0:28:10,+08:00,FALSE,FALSE
学习,做题 线性代数辅导讲义,2021/9/21,18:30:22,19:22:19,0:51:57,+08:00,FALSE,FALSE
学习,做题 线性代数辅导讲义,2021/9/21,19:33:40,20:13:44,0:40:04,+08:00,FALSE,FALSE
Distracted,,2021/9/21,20:16:50,20:23:33,0:06:43,+08:00,FALSE,
学习,英语单词,2021/9/21,20:23:33,21:04:26,0:40:53,+08:00,FALSE,FALSE
学习,英语单词,2021/9/21,21:23:19,21:31:36,0:08:17,+08:00,FALSE,FALSE
学习,英语单词,2021/9/22,8:05:55,8:55:50,0:49:55,+08:00,FALSE,FALSE
学习,英语单词,2021/9/22,9:20:36,9:49:10,0:28:34,+08:00,FALSE,FALSE
学习,复习线性代数,2021/9/22,10:34:43,11:44:42,1:09:59,+08:00,FALSE,FALSE
学习,数学1800,2021/9/22,11:58:03,12:30:09,0:32:06,+08:00,FALSE,FALSE
学习,英语单词,2021/9/22,13:32:34,13:45:51,0:13:17,+08:00,FALSE,FALSE
学习,数学1800,2021/9/22,14:09:14,15:24:22,1:15:08,+08:00,FALSE,FALSE
学习,数学1800,2021/9/22,15:58:58,17:21:07,1:22:09,+08:00,FALSE,FALSE
学习,做题 线性代数辅导讲义,2021/9/22,17:52:39,18:02:47,0:10:08,+08:00,FALSE,FALSE
学习,英语单词,2021/9/22,18:23:15,18:49:48,0:26:33,+08:00,FALSE,FALSE
学习,复习线性代数,2021/9/22,18:54:19,20:17:02,1:22:43,+08:00,FALSE,FALSE
学习,复习高等数学,2021/9/22,20:18:36,20:47:05,0:28:29,+08:00,FALSE,FALSE
学习,复习高等数学,2021/9/22,20:55:09,21:20:05,0:24:56,+08:00,FALSE,FALSE
学习,英语卷子,2021/9/22,22:00:32,23:53:33,1:53:01,+08:00,FALSE,FALSE
学习,英语卷子,2021/9/23,8:03:48,8:54:38,0:50:50,+08:00,FALSE,FALSE
学习,做题 线性代数辅导讲义,2021/9/23,9:09:03,10:05:30,0:56:27,+08:00,FALSE,FALSE
学习,做题 线性代数辅导讲义,2021/9/23,10:23:06,10:57:40,0:34:34,+08:00,FALSE,FALSE
学习,做题 线性代数辅导讲义,2021/9/23,11:08:41,11:33:05,0:24:24,+08:00,FALSE,FALSE
学习,做题 线性代数辅导讲义,2021/9/23,13:18:29,14:16:45,0:58:16,+08:00,FALSE,FALSE
学习,做题 线性代数辅导讲义,2021/9/23,14:35:27,15:39:09,1:03:42,+08:00,FALSE,FALSE
自我提升,冥想,2021/9/23,15:39:37,16:02:01,0:22:24,+08:00,FALSE,FALSE
睡觉,午睡,2021/9/23,16:02:07,16:06:17,0:04:10,+08:00,FALSE,FALSE
学习,做题 线性代数辅导讲义,2021/9/23,16:10:09,16:38:34,0:28:25,+08:00,FALSE,FALSE
学习,英语单词,2021/9/23,16:51:31,17:22:08,0:30:37,+08:00,FALSE,FALSE
学习,马原强化课,2021/9/23,17:25:50,18:09:33,0:43:43,+08:00,FALSE,FALSE
学习,马原强化课,2021/9/23,19:06:48,19:48:32,0:41:44,+08:00,FALSE,FALSE
学习,学习计划,2021/9/23,19:57:56,20:07:18,0:09:22,+08:00,FALSE,FALSE
学习,复习高等数学,2021/9/23,20:07:18,21:17:25,1:10:07,+08:00,FALSE,FALSE
学习,学习计划,2021/9/23,21:21:13,21:39:29,0:18:16,+08:00,FALSE,FALSE
学习,英语卷子,2021/9/23,22:10:26,23:42:59,1:32:33,+08:00,FALSE,FALSE
通勤,,2021/9/23,23:46:02,23:52:46,0:06:44,+08:00,FALSE,
学习,,2021/9/23,23:52:57,23:59:59,0:07:02,+08:00,FALSE,
学习,,2021/9/24,0:00:00,0:12:05,0:12:05,+08:00,FALSE,
日常生活,,2021/9/24,8:01:47,8:28:07,0:26:20,+08:00,FALSE,
学习,英语卷子,2021/9/24,8:28:27,9:12:48,0:44:21,+08:00,FALSE,FALSE
学习,复习高等数学,2021/9/24,9:13:46,10:00:01,0:46:15,+08:00,FALSE,FALSE
学习,复习高等数学,2021/9/24,10:17:47,10:22:07,0:04:20,+08:00,FALSE,FALSE
学习,查考研资料,2021/9/24,10:22:13,12:52:37,2:30:24,+08:00,FALSE,FALSE
学习,复习高等数学,2021/9/24,14:16:49,14:46:29,0:29:40,+08:00,FALSE,FALSE
学习,复习高等数学,2021/9/24,14:58:50,15:21:42,0:22:52,+08:00,FALSE,FALSE
学习,复习高等数学,2021/9/24,17:08:03,17:08:06,0:00:03,+08:00,FALSE,FALSE
学习,查考研资料,2021/9/24,18:09:34,20:57:09,2:47:35,+08:00,FALSE,FALSE
学习,做题 线性代数辅导讲义,2021/9/24,22:27:56,23:55:53,1:27:57,+08:00,FALSE,FALSE
学习,做题 线性代数辅导讲义,2021/9/25,10:21:04,11:06:28,0:45:24,+08:00,FALSE,FALSE
学习,做题 线性代数辅导讲义,2021/9/25,11:52:25,12:06:10,0:13:45,+08:00,FALSE,FALSE
学习,做题 线性代数辅导讲义,2021/9/25,13:36:33,14:01:13,0:24:40,+08:00,FALSE,FALSE
学习,做题 线性代数辅导讲义,2021/9/25,14:17:15,14:53:29,0:36:14,+08:00,FALSE,FALSE
学习,做题 线性代数辅导讲义,2021/9/25,15:43:43,16:13:19,0:29:36,+08:00,FALSE,FALSE
学习,英语单词,2021/9/25,16:13:32,16:59:32,0:46:00,+08:00,FALSE,FALSE
学习,做题 线性代数辅导讲义,2021/9/25,17:08:43,17:17:05,0:08:22,+08:00,FALSE,FALSE
学习,英语单词,2021/9/25,17:17:06,17:55:46,0:38:40,+08:00,FALSE,FALSE
